-- Seed data extracted from frontend mock stores

INSERT INTO t_user (id, openid, role, nickname, avatar_url, created_at, updated_at, last_login_at) VALUES
  (1, 'mock-openid-001', 'OWNER', 'Čýšđ', '', '2026-01-09 08:00:00', '2026-01-09 08:00:00', '2026-01-09 08:00:00');

INSERT INTO t_post (id, author_id, type, content_text, link_url, link_title, link_cover_url, link_site_name, video_url, video_cover_url, status, is_pinned, pinned_at, like_count, created_at, updated_at, deleted_at) VALUES
  (1001, 1, 0, '早起一杯热茶，窗外是安静的冬日。今天开始做三桂日常的小程序示例，把朋友圈的熟悉感做得更克制一些。长文本也要能展开，方便记录更完整的想法。', '', '', '', '', '', '', 0, 1, '2026-01-09 09:30:00', 12, '2026-01-08 21:18:00', '2026-01-08 21:18:00', NULL),
  (1002, 1, 1, '冬日散步的几张照片。', '', '', '', '', '', '', 0, 0, NULL, 5, '2026-01-09 08:30:00', '2026-01-09 08:30:00', NULL),
  (1003, 1, 2, '很喜欢这篇文章的表达方式。', 'https://www.sangui.top/', '写给自己的日常记录法', '', '三桂博客', '', '', 1, 0, NULL, 2, '2026-01-07 19:20:00', '2026-01-07 19:20:00', NULL),
  (1004, 1, 3, '路过黄昏。', '', '', '', '', 'https://commondatastorage.googleapis.com/gtv-videos-bucket/sample/BigBuckBunny.mp4', '/static/logo.png', 0, 0, NULL, 0, '2026-01-06 18:05:00', '2026-01-06 18:05:00', NULL),
  (1005, 1, 0, '只给自己看的小记录。', '', '', '', '', '', '', 1, 0, NULL, 0, '2026-01-05 09:00:00', '2026-01-05 09:00:00', NULL),
  (1006, 1, 1, '图片动态：1 张', '', '', '', '', '', '', 0, 0, NULL, 1, '2026-01-09 07:50:00', '2026-01-09 07:50:00', NULL),
  (1007, 1, 1, '图片动态：2 张', '', '', '', '', '', '', 0, 0, NULL, 0, '2026-01-09 07:40:00', '2026-01-09 07:40:00', NULL),
  (1008, 1, 1, '图片动态：3 张', '', '', '', '', '', '', 0, 0, NULL, 3, '2026-01-09 07:30:00', '2026-01-09 07:30:00', NULL),
  (1009, 1, 1, '图片动态：4 张', '', '', '', '', '', '', 0, 0, NULL, 2, '2026-01-09 07:20:00', '2026-01-09 07:20:00', NULL),
  (1010, 1, 1, '图片动态：5 张', '', '', '', '', '', '', 0, 0, NULL, 4, '2026-01-09 07:10:00', '2026-01-09 07:10:00', NULL),
  (1011, 1, 1, '图片动态：6 张', '', '', '', '', '', '', 0, 0, NULL, 1, '2026-01-09 07:00:00', '2026-01-09 07:00:00', NULL),
  (1012, 1, 1, '图片动态：7 张', '', '', '', '', '', '', 0, 0, NULL, 0, '2026-01-09 06:50:00', '2026-01-09 06:50:00', NULL),
  (1013, 1, 1, '图片动态：8 张', '', '', '', '', '', '', 0, 0, NULL, 2, '2026-01-09 06:40:00', '2026-01-09 06:40:00', NULL),
  (1014, 1, 1, '图片动态：9 张', '', '', '', '', '', '', 0, 0, NULL, 5, '2026-01-09 06:30:00', '2026-01-09 06:30:00', NULL),
  (1015, 1, 1, '图片动态：10 张（测试 +x）', '', '', '', '', '', '', 0, 0, NULL, 6, '2026-01-09 06:20:00', '2026-01-09 06:20:00', NULL);

INSERT INTO t_post_image (post_id, image_url, sort_order, width, height, size_bytes) VALUES
  (1002, 'https://sangui.top/uploads/covers/20260107/c5ef6deb900a48ac950105e69f78e974/9d8e8f46-b520-4df3-8553-ae59d8b19a40.png', 1, 0, 0, 0),
  (1002, 'https://sangui.top/uploads/covers/20260103/dd57a21ca9334e17a4d97d2fc511bebc/08e664a3-7273-410d-8551-1cce059817d0.png', 2, 0, 0, 0),
  (1002, 'https://sangui.top/uploads/covers/20260102/5161d50d1d3e4f829d19948ae15999cc/8a147c23-1d28-4275-be48-eb143d34e40d.png', 3, 0, 0, 0),
  (1002, 'https://sangui.top/uploads/covers/20260101/20acf760c058471fac90f996c4239655/9506389c-953f-4715-9de7-7fa39f796b1f.png', 4, 0, 0, 0),
  (1002, 'https://sangui.top/uploads/covers/20251230/42f37c189b8e453bae3f9d09fa299561/0081fd5a-623f-4046-afb1-582f98cdfc4f.png', 5, 0, 0, 0),
  (1002, 'https://sangui.top/uploads/covers/20251223/1beaf7a39a0d4048ba4066d303459ee0/5bff3e20-4b9b-4bd9-91eb-9b957e04373a.png', 6, 0, 0, 0),
  (1002, 'https://sangui.top/uploads/covers/20251222/46ff38b58c2145ffa1aace3d8e0bc669/47f3cfaa-cbb8-4b0d-9999-d4f7050d5b6d.png', 7, 0, 0, 0),
  (1006, 'https://sangui.top/uploads/covers/20260103/dd57a21ca9334e17a4d97d2fc511bebc/08e664a3-7273-410d-8551-1cce059817d0.png', 1, 0, 0, 0),
  (1007, 'https://sangui.top/uploads/covers/20260102/5161d50d1d3e4f829d19948ae15999cc/8a147c23-1d28-4275-be48-eb143d34e40d.png', 1, 0, 0, 0),
  (1007, 'https://sangui.top/uploads/covers/20260101/20acf760c058471fac90f996c4239655/9506389c-953f-4715-9de7-7fa39f796b1f.png', 2, 0, 0, 0),
  (1008, 'https://sangui.top/uploads/covers/20260107/c5ef6deb900a48ac950105e69f78e974/9d8e8f46-b520-4df3-8553-ae59d8b19a40.png', 1, 0, 0, 0),
  (1008, 'https://sangui.top/uploads/covers/20260103/dd57a21ca9334e17a4d97d2fc511bebc/08e664a3-7273-410d-8551-1cce059817d0.png', 2, 0, 0, 0),
  (1008, 'https://sangui.top/uploads/covers/20260102/5161d50d1d3e4f829d19948ae15999cc/8a147c23-1d28-4275-be48-eb143d34e40d.png', 3, 0, 0, 0),
  (1009, 'https://sangui.top/uploads/covers/20260103/dd57a21ca9334e17a4d97d2fc511bebc/08e664a3-7273-410d-8551-1cce059817d0.png', 1, 0, 0, 0),
  (1009, 'https://sangui.top/uploads/covers/20260102/5161d50d1d3e4f829d19948ae15999cc/8a147c23-1d28-4275-be48-eb143d34e40d.png', 2, 0, 0, 0),
  (1009, 'https://sangui.top/uploads/covers/20260101/20acf760c058471fac90f996c4239655/9506389c-953f-4715-9de7-7fa39f796b1f.png', 3, 0, 0, 0),
  (1009, 'https://sangui.top/uploads/covers/20251230/42f37c189b8e453bae3f9d09fa299561/0081fd5a-623f-4046-afb1-582f98cdfc4f.png', 4, 0, 0, 0),
  (1010, 'https://sangui.top/uploads/covers/20260102/5161d50d1d3e4f829d19948ae15999cc/8a147c23-1d28-4275-be48-eb143d34e40d.png', 1, 0, 0, 0),
  (1010, 'https://sangui.top/uploads/covers/20260101/20acf760c058471fac90f996c4239655/9506389c-953f-4715-9de7-7fa39f796b1f.png', 2, 0, 0, 0),
  (1010, 'https://sangui.top/uploads/covers/20251230/42f37c189b8e453bae3f9d09fa299561/0081fd5a-623f-4046-afb1-582f98cdfc4f.png', 3, 0, 0, 0),
  (1010, 'https://sangui.top/uploads/covers/20251223/1beaf7a39a0d4048ba4066d303459ee0/5bff3e20-4b9b-4bd9-91eb-9b957e04373a.png', 4, 0, 0, 0),
  (1010, 'https://sangui.top/uploads/covers/20251222/46ff38b58c2145ffa1aace3d8e0bc669/47f3cfaa-cbb8-4b0d-9999-d4f7050d5b6d.png', 5, 0, 0, 0),
  (1011, 'https://sangui.top/uploads/covers/20260107/c5ef6deb900a48ac950105e69f78e974/9d8e8f46-b520-4df3-8553-ae59d8b19a40.png', 1, 0, 0, 0),
  (1011, 'https://sangui.top/uploads/covers/20260103/dd57a21ca9334e17a4d97d2fc511bebc/08e664a3-7273-410d-8551-1cce059817d0.png', 2, 0, 0, 0),
  (1011, 'https://sangui.top/uploads/covers/20260102/5161d50d1d3e4f829d19948ae15999cc/8a147c23-1d28-4275-be48-eb143d34e40d.png', 3, 0, 0, 0),
  (1011, 'https://sangui.top/uploads/covers/20260101/20acf760c058471fac90f996c4239655/9506389c-953f-4715-9de7-7fa39f796b1f.png', 4, 0, 0, 0),
  (1011, 'https://sangui.top/uploads/covers/20251230/42f37c189b8e453bae3f9d09fa299561/0081fd5a-623f-4046-afb1-582f98cdfc4f.png', 5, 0, 0, 0),
  (1011, 'https://sangui.top/uploads/covers/20251223/1beaf7a39a0d4048ba4066d303459ee0/5bff3e20-4b9b-4bd9-91eb-9b957e04373a.png', 6, 0, 0, 0),
  (1012, 'https://sangui.top/uploads/covers/20260103/dd57a21ca9334e17a4d97d2fc511bebc/08e664a3-7273-410d-8551-1cce059817d0.png', 1, 0, 0, 0),
  (1012, 'https://sangui.top/uploads/covers/20260102/5161d50d1d3e4f829d19948ae15999cc/8a147c23-1d28-4275-be48-eb143d34e40d.png', 2, 0, 0, 0),
  (1012, 'https://sangui.top/uploads/covers/20260101/20acf760c058471fac90f996c4239655/9506389c-953f-4715-9de7-7fa39f796b1f.png', 3, 0, 0, 0),
  (1012, 'https://sangui.top/uploads/covers/20251230/42f37c189b8e453bae3f9d09fa299561/0081fd5a-623f-4046-afb1-582f98cdfc4f.png', 4, 0, 0, 0),
  (1012, 'https://sangui.top/uploads/covers/20251223/1beaf7a39a0d4048ba4066d303459ee0/5bff3e20-4b9b-4bd9-91eb-9b957e04373a.png', 5, 0, 0, 0),
  (1012, 'https://sangui.top/uploads/covers/20251222/46ff38b58c2145ffa1aace3d8e0bc669/47f3cfaa-cbb8-4b0d-9999-d4f7050d5b6d.png', 6, 0, 0, 0),
  (1012, 'https://sangui.top/uploads/covers/20251218/2de7c613827b49f4b3f4b3296bd33a7f/91758872-9c74-41d1-9a30-04ec6359598f.png', 7, 0, 0, 0),
  (1013, 'https://sangui.top/uploads/covers/20260102/5161d50d1d3e4f829d19948ae15999cc/8a147c23-1d28-4275-be48-eb143d34e40d.png', 1, 0, 0, 0),
  (1013, 'https://sangui.top/uploads/covers/20260101/20acf760c058471fac90f996c4239655/9506389c-953f-4715-9de7-7fa39f796b1f.png', 2, 0, 0, 0),
  (1013, 'https://sangui.top/uploads/covers/20251230/42f37c189b8e453bae3f9d09fa299561/0081fd5a-623f-4046-afb1-582f98cdfc4f.png', 3, 0, 0, 0),
  (1013, 'https://sangui.top/uploads/covers/20251223/1beaf7a39a0d4048ba4066d303459ee0/5bff3e20-4b9b-4bd9-91eb-9b957e04373a.png', 4, 0, 0, 0),
  (1013, 'https://sangui.top/uploads/covers/20251222/46ff38b58c2145ffa1aace3d8e0bc669/47f3cfaa-cbb8-4b0d-9999-d4f7050d5b6d.png', 5, 0, 0, 0),
  (1013, 'https://sangui.top/uploads/covers/20251218/2de7c613827b49f4b3f4b3296bd33a7f/91758872-9c74-41d1-9a30-04ec6359598f.png', 6, 0, 0, 0),
  (1013, 'https://sangui.top/uploads/covers/20251214/324b5bfe9e824adb8184e5b0a79b8ffc/d043ec4a-70f6-4677-83b1-40e20e787084.png', 7, 0, 0, 0),
  (1013, 'https://sangui.top/uploads/covers/20251214/270c964887344a0f8ab57c542adf338f/46676735-378c-4215-b6fc-2a9eb94198e2.png', 8, 0, 0, 0),
  (1014, 'https://sangui.top/uploads/covers/20260107/c5ef6deb900a48ac950105e69f78e974/9d8e8f46-b520-4df3-8553-ae59d8b19a40.png', 1, 0, 0, 0),
  (1014, 'https://sangui.top/uploads/covers/20260103/dd57a21ca9334e17a4d97d2fc511bebc/08e664a3-7273-410d-8551-1cce059817d0.png', 2, 0, 0, 0),
  (1014, 'https://sangui.top/uploads/covers/20260102/5161d50d1d3e4f829d19948ae15999cc/8a147c23-1d28-4275-be48-eb143d34e40d.png', 3, 0, 0, 0),
  (1014, 'https://sangui.top/uploads/covers/20260101/20acf760c058471fac90f996c4239655/9506389c-953f-4715-9de7-7fa39f796b1f.png', 4, 0, 0, 0),
  (1014, 'https://sangui.top/uploads/covers/20251230/42f37c189b8e453bae3f9d09fa299561/0081fd5a-623f-4046-afb1-582f98cdfc4f.png', 5, 0, 0, 0),
  (1014, 'https://sangui.top/uploads/covers/20251223/1beaf7a39a0d4048ba4066d303459ee0/5bff3e20-4b9b-4bd9-91eb-9b957e04373a.png', 6, 0, 0, 0),
  (1014, 'https://sangui.top/uploads/covers/20251222/46ff38b58c2145ffa1aace3d8e0bc669/47f3cfaa-cbb8-4b0d-9999-d4f7050d5b6d.png', 7, 0, 0, 0),
  (1014, 'https://sangui.top/uploads/covers/20251218/2de7c613827b49f4b3f4b3296bd33a7f/91758872-9c74-41d1-9a30-04ec6359598f.png', 8, 0, 0, 0),
  (1014, 'https://sangui.top/uploads/covers/20251214/324b5bfe9e824adb8184e5b0a79b8ffc/d043ec4a-70f6-4677-83b1-40e20e787084.png', 9, 0, 0, 0),
  (1015, 'https://sangui.top/uploads/covers/20260103/dd57a21ca9334e17a4d97d2fc511bebc/08e664a3-7273-410d-8551-1cce059817d0.png', 1, 0, 0, 0),
  (1015, 'https://sangui.top/uploads/covers/20260102/5161d50d1d3e4f829d19948ae15999cc/8a147c23-1d28-4275-be48-eb143d34e40d.png', 2, 0, 0, 0),
  (1015, 'https://sangui.top/uploads/covers/20260101/20acf760c058471fac90f996c4239655/9506389c-953f-4715-9de7-7fa39f796b1f.png', 3, 0, 0, 0),
  (1015, 'https://sangui.top/uploads/covers/20251230/42f37c189b8e453bae3f9d09fa299561/0081fd5a-623f-4046-afb1-582f98cdfc4f.png', 4, 0, 0, 0),
  (1015, 'https://sangui.top/uploads/covers/20251223/1beaf7a39a0d4048ba4066d303459ee0/5bff3e20-4b9b-4bd9-91eb-9b957e04373a.png', 5, 0, 0, 0),
  (1015, 'https://sangui.top/uploads/covers/20251222/46ff38b58c2145ffa1aace3d8e0bc669/47f3cfaa-cbb8-4b0d-9999-d4f7050d5b6d.png', 6, 0, 0, 0),
  (1015, 'https://sangui.top/uploads/covers/20251218/2de7c613827b49f4b3f4b3296bd33a7f/91758872-9c74-41d1-9a30-04ec6359598f.png', 7, 0, 0, 0),
  (1015, 'https://sangui.top/uploads/covers/20251214/324b5bfe9e824adb8184e5b0a79b8ffc/d043ec4a-70f6-4677-83b1-40e20e787084.png', 8, 0, 0, 0),
  (1015, 'https://sangui.top/uploads/covers/20251214/270c964887344a0f8ab57c542adf338f/46676735-378c-4215-b6fc-2a9eb94198e2.png', 9, 0, 0, 0),
  (1015, 'https://sangui.top/uploads/covers/20260107/c5ef6deb900a48ac950105e69f78e974/9d8e8f46-b520-4df3-8553-ae59d8b19a40.png', 10, 0, 0, 0);

INSERT INTO t_post_like (post_id, user_id, created_at) VALUES
  (1001, 1, '2026-01-08 21:20:00'),
  (1002, 1, '2026-01-09 08:35:00');

